compound,logP,split,stratum
HEaSC00385,0.2646999955177307,train,
HEaSC00196,1.1404999494552612,train,
HEaSC00533,0.9036999940872192,train,
N1d,1.8743255138397217,train,
Methabenzthiazuron,4.522900104522705,train,
P2d,-0.33282414078712463,train,
HEaSC00349,-1.333799958229065,train,
Cyclanilide,5.901700019836426,train,
SC1,2.487422466278076,train,
Methfuroxam,10.39490032196045,train,
HEaSC00469,-1.1944999694824219,train,
HEaSC00113,2.2774999141693115,train,
2-nitroPhenol,4.357500076293945,train,
TQ5,-2.977900266647339,train,
HEaSC00339,-1.7482000589370728,train,
SN5d,-0.17517060041427612,train,
HEaSC00394,-0.42309999465942383,train,
2-methylIndole,6.077499866485596,train,
HEaSC00115,2.371500015258789,train,
HEaSC00316,-0.43529999256134033,train,
HEaSC00327,-0.19850000739097595,train,
HEaSC00453,-0.8949999809265137,train,
HEaSC00304,-1.0342999696731567,train,
P5d,-1.2261942625045776,train,
HEaSC00500,1.0185999870300293,train,
TP4,-2.1195642948150635,train,
Benzothiazole,4.885000228881836,train,
Diphenylamine,8.331999778747559,train,
HEaSC00325,-1.8910000324249268,train,
HEaSC00449,-0.5781000256538391,train,
TP3a,-1.3663307428359985,train,
HEaSC00323,1.424299955368042,train,
Fluazifop-P,10.565500259399414,train,
Fenson,6.465700149536133,train,
TN2a,0.4028923809528351,train,
HEaSC00485,-0.5903000235557556,train,
HEaSC00118,-0.11670000106096268,train,
HEaSC00473,0.08179999887943268,train,
HEaSC00376,1.8282999992370605,train,
HEaSC00547,2.4307000637054443,train,
HEaSC00067,0.7365000247955322,train,
HEaSC00126,0.7835000157356262,train,
HEaSC00384,1.5269999504089355,train,
TP6,-2.592525005340576,train,
HEaSC00475,-1.1805000305175781,train,
Propham,5.095600128173828,train,
SN6,-0.7357165217399597,train,
HEaSC00530,0.2750999927520752,train,
HEaSC00159,-0.6859999895095825,train,
2-Methyl-4_6-dinitroPhenol,6.1732001304626465,train,
SP3,-1.3488136529922485,train,
HEaSC00265,0.9506999850273132,train,
N5d,0.38537532091140747,train,
Sodium_salicylate,2.42330002784729,train,
Ethiolate,3.1928000450134277,train,
HEaSC00266,1.0707999467849731,train,
HEaSC00301,0.7609000205993652,train,
3-nitroAniline,4.174699783325195,train,
HEaSC00092,2.2462000846862793,train,
HEaSC00570,0.5745999813079834,train,
N4d,0.7532336115837097,train,
HEaSC00344,-1.6419999599456787,train,
HEaSC00059,0.9681000113487244,train,
HEaSC00365,0.024399999529123306,train,
N3a,0.6656482815742493,train,
HEaSC00351,0.7156000137329102,train,
SD,-6.3762102127075195,train,
HEaSC00489,0.013899999670684338,train,
Meptyldinocap,11.13129997253418,train,
Prothiocarb,1.3614000082015991,train,
TP6d,-2.2246665954589844,train,
HEaSC00579,-1.4348000288009644,train,
N4a,0.7532336115837097,train,
SN4a,0.19268766045570374,train,
SN5a,-0.17517060041427612,train,
HEaSC00259,0.11140000075101852,train,
N3,0.315307080745697,train,
HEaSC00542,1.004699945449829,train,
Diflufenzopyr-sodium,-6.69379997253418,train,
4-Aminobenzoic_acid,2.4999001026153564,train,
HEaSC00455,-1.1003999710083008,train,
HEaSC00128,2.5422000885009766,train,
SN6a,-0.4379265010356903,train,
4-Propylanisole,7.089000225067139,train,
TX4,0.47296062111854553,train,
Q2,-2.645076036453247,train,
Pendimethalin,6.073999881744385,train,
HEaSC00342,-0.4300999939441681,train,
HEaSC00568,2.357599973678589,train,
Quinoxyfen,12.031399726867676,train,
SP4,-1.7166719436645508,train,
HEaSC00324,-1.7882000207901,train,
Chlorpropamide,5.271500110626221,train,
Orbencarb,7.886300086975098,train,
HEaSC00396,-0.07840000092983246,train,
HEaSC00346,-2.169600009918213,train,
N4,0.38537532091140747,train,
SN1a,1.0510236024856567,train,
2-chloroPhenol,4.810100078582764,train,
HEaSC00093,0.7139000296592712,train,
HEaSC00497,1.7134000062942505,train,
HEaSC00336,1.5915000438690186,train,
HEaSC00058,1.3442000150680542,train,
HEaSC00053,0.6617000102996826,train,
HEaSC00548,1.2868000268936157,train,
Chloroneb,0.7642999887466431,train,
HEaSC00412,0.8270999789237976,train,
SN2,0.36785826086997986,train,
HEaSC00095,0.6373000144958496,train,
Dicloran,4.36269998550415,train,
HEaSC00203,2.383699893951416,train,
HEaSC00162,-0.7278000116348267,train,
HEaSC00074,0.40049999952316284,train,
HEaSC00589,0.35690000653266907,train,
HEaSC00462,1.3494000434875488,train,
HEaSC00290,3.51200008392334,train,
HEaSC00498,1.8717999458312988,train,
HEaSC00101,0.6582000255584717,train,
SC4,1.4714330434799194,train,
HEaSC00383,0.20020000636577606,train,
HEaSC00189,-1.9519000053405762,train,
HEaSC00363,-0.28029999136924744,train,
HEaSC00343,-0.9228000044822693,train,
HEaSC00072,-2.2618000507354736,train,
2-hydroxyPhenol,4.111999988555908,train,
Triflumuron,10.852800369262695,train,
TC6,0.630614161491394,train,
P3d,-0.6130971312522888,train,
Napropamide,9.171099662780762,train,
HEaSC00256,0.2750999927520752,train,
HEaSC00055,-1.8213000297546387,train,
Fluorodifen,9.418299674987793,train,
HEaSC00403,2.132999897003174,train,
TP3,-1.7166719436645508,train,
4-Chloro-3_5-dimethylPhenol,5.5970001220703125,train,
8-Hydroxyquinoline-5-sulfonic_acid,3.08489990234375,train,
HEaSC00250,-0.2159000039100647,train,
HEaSC00150,-0.7556999921798706,train,
SP2a,-0.9459212422370911,train,
5_7-Dimethoxy-2H-chromen-2-one,8.5826997756958,train,
4-chloroPhenol,4.345300197601318,train,
HEaSC00084,2.68149995803833,train,
Propyl_gallate,4.839700222015381,train,
Ethyl_anthranilate,5.703199863433838,train,
TP1a,-0.8758530020713806,train,
HEaSC00429,-0.699999988079071,train,
HEaSC00597,0.2524999976158142,train,
Salicylic_acid,2.867300033569336,train,
Phenothrin,13.333600044250488,train,
Hydroquinone,4.044099807739258,train,
Bromoxynil,6.124499797821045,train,
P4d,-0.8933700919151306,train,
HEaSC00392,-0.020899999886751175,train,
P2,-0.6656482815742493,train,
2-methyl-5-nitroAniline,4.728300094604492,train,
Musk_ambrette,9.897000312805176,train,
SP1d,-0.648131251335144,train,
HEaSC00595,0.23849999904632568,train,
HEaSC00345,-0.30300000309944153,train,
HEaSC00242,2.3645999431610107,train,
HEaSC00356,1.7726000547409058,train,
HEaSC00103,1.40339994430542,train,
HEaSC00320,-1.3860000371932983,train,
HEaSC00573,1.2692999839782715,train,
TP5d,-2.3122520446777344,train,
SN3a,0.035034120082855225,train,
X2,2.2246665954589844,train,
TP3d,-1.3663307428359985,train,
4-Tolyl_acetate,4.961599826812744,train,
HEaSC00397,1.2293000221252441,train,
Sulisobenzone,9.115400314331055,train,
HEaSC00430,-0.6617000102996826,train,
4-Nitro-3-methylPhenol,5.915599822998047,train,
HEaSC00078,-1.3442000150680542,train,
TN5a,-0.49047768115997314,train,
HEaSC00235,-1.6663000583648682,train,
TQ1,-2.487422466278076,train,
Q4,-3.2932074069976807,train,
TX1,1.3312965631484985,train,
SP2,-1.2086771726608276,train,
HEaSC00190,-0.20720000565052032,train,
TC5,0.7882677316665649,train,
Triadimenol,4.923299789428711,train,
HEaSC00119,0.679099977016449,train,
"4-methyl-2,6-dinitroPhenol",5.6143999099731445,train,
HEaSC00380,1.257200002670288,train,
HEaSC00096,0.7748000025749207,train,
HEaSC00206,-0.8201000094413757,train,
HEaSC00526,0.534600019454956,train,
HEaSC00100,0.05220000073313713,train,
SP3a,-1.0685406923294067,train,
TD,-6.446278095245361,train,
HEaSC00116,0.17589999735355377,train,
Promecarb,4.092899799346924,train,
HEaSC00174,-1.7760000228881836,train,
TP1,-1.261228322982788,train,
HEaSC00050,1.4503999948501587,train,
HEaSC00465,0.29249998927116394,train,
HEaSC00332,-1.5671000480651855,train,
HEaSC00157,2.4986000061035156,train,
HEaSC00576,-0.6215999722480774,train,
SP4a,-1.3663307428359985,train,
HEaSC00146,0.16369999945163727,train,
HEaSC00373,-1.7289999723434448,train,
HEaSC00422,0.5989999771118164,train,
HEaSC00175,-1.767300009727478,train,
Dioxacarb,3.485300064086914,train,
HEaSC00121,-0.3098999857902527,train,
3-nitroPhenol,4.094600200653076,train,
HEaSC00502,-0.5432999730110168,train,
Fluometuron,4.790999889373779,train,
HEaSC00302,0.3953000009059906,train,
Methyleugenol,8.758500099182129,train,
"1,4-dimethoxybenzene",6.361299991607666,train,
Diallate,6.8730998039245605,train,
Metoxuron,5.315000057220459,train,
Butylparaben,4.5594000816345215,train,
HEaSC00230,-0.7505000233650208,train,
Carbaryl,5.398499965667725,train,
TP1d,-0.8758530020713806,train,
HEaSC00240,0.9158999919891357,train,
Bromoxynil_heptanoate,6.265500068664551,train,
Mecoprop,5.055600166320801,train,
HEaSC00040,2.2427000999450684,train,
HEaSC00401,-0.5867999792098999,train,
HEaSC00314,1.260599970817566,train,
HEaSC00158,0.8985000252723694,train,
TC4,1.1210918426513672,train,
HEaSC00514,-0.3221000134944916,train,
Fenothiocarb,9.632399559020996,train,
HEaSC00209,0.45969998836517334,train,
"1,2-dimethoxybenzene",7.202099800109863,train,
HEaSC00164,-1.8335000276565552,train,
HEaSC00179,0.3481999933719635,train,
HEaSC00427,1.1805000305175781,train,
HEaSC00181,0.362199991941452,train,
HEaSC00460,0.8741000294685364,train,
N3d,0.6656482815742493,train,
HEaSC00593,0.6843000054359436,train,
4-Chloro-3-methylPhenol,4.719600200653076,train,
HEaSC00305,-0.30300000309944153,train,
HEaSC00289,-0.03310000151395798,train,
HEaSC00389,1.3424999713897705,train,
4-MethoxyPhenol,5.356800079345703,train,
HEaSC00361,0.6686000227928162,train,
TN4a,-0.21020472049713135,train,
Flurprimidol,9.388699531555176,train,
HEaSC00085,3.6461000442504883,train,
Pentyl_2-hydroxybenzoate,6.4344000816345215,train,
SX3,1.401364803314209,train,
2_4-Dichlorophenoxybutyric_acid,6.399600028991699,train,
HEaSC00091,2.5508999824523926,train,
HEaSC00549,1.1648999452590942,train,
HEaSC00218,0.9437000155448914,train,
Q3,-3.047968626022339,train,
"2-methyl-4,6-dinitroPhenol",7.250899791717529,train,
Entsufon_sodium,9.775199890136719,train,
HEaSC00600,0.5641999840736389,train,
HEaSC00307,2.9653000831604004,train,
HEaSC00467,0.7330999970436096,train,
3-aminobezoic_acid,2.65310001373291,train,
4-chloroAniline,3.3215999603271484,train,
HEaSC00271,-0.8306000232696533,train,
Methylparaben,4.70389986038208,train,
HEaSC00134,1.4416999816894531,train,
SP6,-2.1020472049713135,train,
HEaSC00491,-0.49799999594688416,train,
4-aminoPhenol,3.118000030517578,train,
HEaSC00160,-0.4092000126838684,train,
2-Hydroxy-4-methoxybenzophenone,11.57699966430664,train,
HEaSC00303,0.5275999903678894,train,
Isoprocarb,3.861299991607666,train,
4-methylAniline,3.3459999561309814,train,
HEaSC00515,-2.9530999660491943,train,
HEaSC00148,0.4108999967575073,train,
SN5,-0.630614161491394,train,
HEaSC00457,-2.2356998920440674,train,
TN2,0.05255118012428284,train,
SP5a,-1.6641207933425903,train,
HEaSC00334,-2.815500020980835,train,
Monolinuron,2.815000057220459,train,
SP4d,-1.3663307428359985,train,
3-Chloro-4-methylbenzenamine_hydrochloride,4.716100215911865,train,
HEaSC00176,-0.18809999525547028,train,
HEaSC00186,1.2518999576568604,train,
8-Hydroxyquinoline,5.093900203704834,train,
HEaSC00464,0.6965000033378601,train,
XMC,2.614799976348877,train,
P6a,-1.296262502670288,train,
Benzyl_salicylate,8.1943998336792,train,
TN4d,-0.21020472049713135,train,
P6d,-1.296262502670288,train,
Lemax,7.22130012512207,train,
Methyl_2-aminobenzoate,4.447999954223633,train,
SC2,1.7341890335083008,train,
SQ2,-2.504939556121826,train,
TC3,1.1736429929733276,train,
TP5a,-2.3122520446777344,train,
Dimethenamid-P,8.246700286865234,train,
HEaSC00311,2.0685999393463135,train,
Clorophene,9.416500091552734,train,
HEaSC00495,-0.29600000381469727,train,
Thiobencarb,8.600099563598633,train,
HEaSC00488,-0.583299994468689,train,
Benfuresate,6.504000186920166,train,
HEaSC00281,1.5915000438690186,train,
HEaSC00070,-1.8509000539779663,train,
HEaSC00496,1.5113999843597412,train,
X4,1.5239843130111694,train,
HEaSC00426,1.1247999668121338,train,
TN5d,-0.49047768115997314,train,
HEaSC00525,-0.4648999869823456,train,
SX4,0.7532336115837097,train,
SN2a,0.6656482815742493,train,
2-Hydroxyacetophenone,4.925000190734863,train,
TC1,2.1020472049713135,train,
HEaSC00109,2.650099992752075,train,
SN2d,0.6656482815742493,train,
HEaSC00042,2.2827000617980957,train,
MCPB,4.070199966430664,train,
HEaSC00035,1.5009000301361084,train,
HEaSC00409,-0.9193999767303467,train,
Thymol,6.547500133514404,train,
HEaSC00214,1.9222999811172485,train,
HEaSC00106,-0.2976999878883362,train,
HEaSC00052,1.4329999685287476,train,
Butylate,6.591100215911865,train,
P5,-1.5940525531768799,train,
Benodanil,-2.1396000385284424,train,
HEaSC00413,0.8496999740600586,train,
p,8.666199684143066,train,
HEaSC00188,-0.6650999784469604,train,
HEaSC00590,1.603700041770935,train,
HEaSC00312,1.394700050354004,train,
HEaSC00264,-0.5623999834060669,train,
Triadimefon,7.151599884033203,train,
2_4_6-TrichloroPhenol,4.636000156402588,train,
Binapacryl,9.362600326538086,train,
Dichlorprop-P,5.696199893951416,train,
HEaSC00556,0.8479999899864197,train,
Diuron,4.113800048828125,train,
Fluazifop,8.189200401306152,train,
1-methylIndole,6.540599822998047,train,
4-methyl-3-nitroAniline,4.240799903869629,train,
Q1,-1.9093595743179321,train,
Isoamyl_salicylate,6.051400184631348,train,
HEaSC00222,-0.5519999861717224,train,
N1,1.418881893157959,train,
HEaSC00245,-0.7940000295639038,train,
HEaSC00080,0.9994999766349792,train,
HEaSC00483,-0.026100000366568565,train,
Karbutilate,5.083399772644043,train,
HEaSC00299,0.18459999561309814,train,
Prodiamine,6.967100143432617,train,
HEaSC00355,1.7585999965667725,train,
HEaSC00395,2.0058999061584473,train,
HEaSC00139,-1.309399962425232,train,
HEaSC00130,1.1875,train,
SP6a,-1.6816377639770508,train,
1_4-Diaminoanthraquinone,9.91100025177002,train,
HEaSC00257,1.4085999727249146,train,
Fenhexamid,10.663000106811523,train,
HEaSC00207,0.5745999813079834,train,
Propylparaben,4.8414998054504395,train,
Dinitramine,7.849699974060059,train,
HEaSC00431,1.2450000047683716,train,
TN6,-1.0685406923294067,train,
HEaSC00131,1.3964999914169312,train,
HEaSC00094,3.149899959564209,train,
HEaSC00347,1.0342999696731567,train,
HEaSC00193,-2.2913999557495117,train,
HEaSC00419,0.6215999722480774,train,
HEaSC00136,-0.5379999876022339,train,
HEaSC00087,-0.3273000121116638,train,
N1a,1.8743255138397217,train,
SN4d,0.19268766045570374,train,
Bromoxynil_octanoate,8.29539966583252,train,
P6,-1.6115695238113403,train,
Prosulfocarb,7.8358001708984375,train,
D,-4.6945719718933105,train,
N-methylAniline,3.1596999168395996,train,
TN6a,-0.7181994915008545,train,
TQ4,-2.855280876159668,train,
Pyrithiobac-sodium,10.219099998474121,train,
HEaSC00241,1.5166000127792358,train,
4-nitroAniline,4.333099842071533,train,
TP4a,-1.6641207933425903,train,
HEaSC00459,2.2671000957489014,train,
2-hydroxybenzoic_acid,3.1354000568389893,train,
HEaSC00220,-0.40220001339912415,train,
Ethylparaben,4.742199897766113,train,
HEaSC00416,0.2994999885559082,train,
Vernolate,3.8543999195098877,train,
SP5,-2.0670130252838135,train,
HEaSC00104,-0.5920000076293945,train,
Fenfuram,8.87339973449707,train,
SQ3,-3.1530709266662598,train,
SC3,1.6115695238113403,train,
HEaSC00567,2.3680999279022217,train,
HEaSC00529,0.2646999955177307,train,
HEaSC00156,0.06270000338554382,train,
HEaSC00435,-1.9206000566482544,train,
HEaSC00544,1.2396999597549438,train,
Cyprodinil,10.483699798583984,train,
HEaSC00254,2.0250000953674316,train,
HEaSC00574,0.4092000126838684,train,
HEaSC00569,1.5357999801635742,train,
HEaSC00217,1.5844999551773071,train,
Monalide,8.425999641418457,train,
Dinoterb,7.968100070953369,train,
Chlorbromuron,4.127699851989746,train,
Desmedipham,7.209099769592285,train,
Pentachlorothioanisole,0.36910000443458557,train,
TN4,-0.5079947710037231,train,
HEaSC00272,-0.06960000097751617,train,
Ancymidol,9.646300315856934,train,
HEaSC00284,2.871299982070923,train,
HEaSC00033,2.5473999977111816,train,
HEaSC00251,0.8184000253677368,train,
Isoproturon,4.958099842071533,train,
Chlorotoluron,4.999899864196777,train,
HEaSC00183,-1.3459999561309814,train,
TP2d,-1.1911600828170776,train,
HEaSC00068,-2.2530999183654785,train,
HEaSC00152,0.4108999967575073,train,
HEaSC00535,0.3116999864578247,train,
HEaSC00083,1.8142999410629272,train,
HEaSC00387,2.2392001152038574,train,
thioanisole,6.065299987792969,train,
SN3d,0.035034120082855225,train,
HEaSC00591,1.722100019454956,train,
TQ2,-2.539973735809326,train,
HEaSC00538,-1.9972000122070312,train,
Indole,5.492599964141846,train,
2_3_5_6-TetrachloroAniline,4.686500072479248,train,
Ethoxyquin,10.372300148010254,train,
Pentanochlor,9.28600025177002,train,
1-Naphthol,7.20389986038208,train,
HEaSC00367,0.5379999876022339,train,
HEaSC00044,1.4869999885559082,train,
HEaSC00398,-0.08179999887943268,train,
HEaSC00592,-0.7312999963760376,train,
P3a,-0.6130971312522888,train,
Anisole,5.2332000732421875,train,
Aminocarb,1.944599986076355,train,
Dicamba,5.194900035858154,train,
HEaSC00165,0.23510000109672546,train,
TN2d,0.4028923809528351,train,
HEaSC00252,-1.0377999544143677,train,
Piperonyl_butoxide,7.891499996185303,train,
N5a,0.38537532091140747,train,
TP2,-1.5415012836456299,train,
HEaSC00566,1.7639000415802002,train,
HEaSC00532,0.15850000083446503,train,
4-methylPhenol,4.265200138092041,train,
Octinoxate,10.518500328063965,train,
HEaSC00341,1.004699945449829,train,
HEaSC00424,2.7163000106811523,train,
SP1a,-0.648131251335144,train,
4-tert-ButylPhenol,5.6265997886657715,train,
HEaSC00122,-0.2976999878883362,train,
4-toluidine,3.9082999229431152,train,
HEaSC00450,-0.03310000151395798,train,
Fenobucarb,3.7202999591827393,train,
2-nitroAniline,3.877000093460083,train,
SQ1,-1.8568084239959717,train,
HEaSC00437,-0.43529999256134033,train,
HEaSC00366,0.0017000000225380063,train,
HEaSC00551,1.3633999824523926,train,
Difenoxuron,9.830900192260742,train,
Chlorbenside,12.79740047454834,train,
Methyl_3-methylorsellinate,5.469900131225586,train,
HEaSC00605,2.2739999294281006,train,
TN3,-0.5430288910865784,train,
HEaSC00138,2.599600076675415,train,
HEaSC00051,1.3006999492645264,train,
HEaSC00503,-0.579800009727478,train,
Sodium_dicamba,5.502999782562256,train,
C3,2.4173543453216553,train,
Methoxychlor,12.736499786376953,train,
2_4_6-TriisopropylPhenol,10.69260025024414,train,
Dimethametryn,1.7984000444412231,train,
2_4-Dimethyl-N-phenyl-5-thiazolecarboxamide,8.591400146484375,train,
Cinoxate,8.996999740600586,train,
Pentachloroanisole,8.499099731445312,train,
HEaSC00490,-0.022600000724196434,train,
2_4-D-Butotyl,6.2027997970581055,train,
HEaSC00153,1.3982000350952148,train,
SP3d,-1.0685406923294067,train,
HEaSC00274,-1.236299991607666,train,
SC5,1.1035747528076172,train,
HEaSC00032,2.5439000129699707,train,
Procaine_hydrochloride,5.280200004577637,train,
HEaSC00132,2.237499952316284,train,
2-chloroAniline,3.6454999446868896,train,
Bendiocarb,2.089099884033203,train,
HEaSC00102,2.59089994430542,train,
HEaSC00408,0.9437000155448914,train,
HEaSC00054,1.648900032043457,train,
Piperonal,4.949399948120117,train,
Harmine_hydrochloride,10.53600025177002,train,
HEaSC00184,-1.3494000434875488,train,
HEaSC00550,1.3911999464035034,train,
TX3,0.9459212422370911,train,
HEaSC00329,-0.8410000205039978,train,
2-PhenylPhenol,8.77239990234375,train,
Metobromuron,2.9751999378204346,train,
HEaSC00410,-1.6175999641418457,train,
HEaSC00391,1.6890000104904175,train,
HEaSC00432,-0.679099977016449,train,
HEaSC00191,0.07840000092983246,train,
Methyl_salicylate,-2.2822999954223633,train,
HEaSC00438,1.1944999694824219,train,
BisPhenol_A,10.461099624633789,train,
TP6a,-2.2246665954589844,train,
Acibenzolar-S-methyl,7.557300090789795,train,
Propoxur,3.1737000942230225,train,
Flutolanil,12.139300346374512,train,
HEaSC00219,0.5292999744415283,train,
HEaSC00377,-0.1306000053882599,train,
HEaSC00594,0.6650999784469604,train,
HEaSC00528,0.2264000028371811,train,
TP5,-2.662593126296997,train,
P4a,-0.8933700919151306,train,
HEaSC00282,1.5113999843597412,train,
HEaSC00606,2.4725000858306885,train,
HEaSC00306,-0.9262999892234802,train,
HEaSC00393,-0.03480000048875809,train,
HEaSC00086,1.1753000020980835,train,
HEaSC00260,1.0063999891281128,train,
N2,0.9809553623199463,train,
SQ4,-3.1881051063537598,train,
C1,3.3107244968414307,train,
Methiocarb,4.5507001876831055,train,
HEaSC00352,0.7782999873161316,train,
P5a,-1.2261942625045776,train,
2_4-DiisopropylPhenol,7.790500164031982,train,
HEaSC00202,-0.15850000083446503,train,
TP4d,-1.6641207933425903,train,
HEaSC00294,-1.49399995803833,train,
Thiamine_hydrochloride,7.370999813079834,train,
HEaSC00231,-1.932800054550171,train,
HEaSC00434,-1.9362000226974487,train,
Diallyl_diSulfide,5.360199928283691,train,
HEaSC00425,0.9490000009536743,train,
HEaSC00583,-2.839900016784668,train,
Fenuron,3.210200071334839,train,
HEaSC00571,1.5478999614715576,train,
TN1a,0.6831653714179993,train,
3-hydroxybenzoic_acid,3.3703999519348145,train,
Capsaicin,11.394200325012207,train,
HEaSC00603,-0.47189998626708984,train,
Dinoseb,8.359800338745117,train,
HEaSC00350,0.7156000137329102,train,
HEaSC00211,-0.604200005531311,train,
SC6,0.9284042119979858,train,
HEaSC00461,1.284999966621399,train,
Triazamate,4.627299785614014,train,
Pebulate,6.552800178527832,train,
Metominostrobin,9.06659984588623,train,
Q5,-4.028923988342285,train,
C6,1.7692230939865112,train,
HEaSC00504,-0.60589998960495,train,
Hexyl_salicylate,7.125500202178955,train,
N2a,1.3663307428359985,train,
HEaSC00114,2.2688000202178955,train,
Linuron,3.4330999851226807,train,
HEaSC00335,-2.0529000759124756,train,
HEaSC00098,1.8387000560760498,train,
HEaSC00309,1.6576000452041626,train,
P4,-1.296262502670288,train,
HEaSC00151,1.6262999773025513,train,
Picric_acid,6.345600128173828,train,
HEaSC00531,-0.7069000005722046,train,
HEaSC00319,-1.0307999849319458,train,
HEaSC00470,-1.1543999910354614,train,
Eugenol,7.614699840545654,train,
HEaSC00436,-1.0882999897003174,train,
HEaSC00517,-0.9699000120162964,train,
HEaSC00581,-1.561900019645691,train,
HEaSC00057,-1.2136000394821167,train,
P1,-0.35034120082855225,train,
PentachloroPhenol,7.370999813079834,train,
HEaSC00315,2.5230000019073486,train,
TN1d,0.6831653714179993,train,
HEaSC00452,-0.8479999899864197,train,
Anethole,7.03849983215332,train,
N6d,0.17517060041427612,train,
HEaSC00107,1.3198000192642212,train,
Dichlorprop,5.8460001945495605,train,
HEaSC00286,2.2548999786376953,train,
N5,0.0,validation,
TX2,0.9108871221542358,validation,
2-Naphthalenol,6.733799934387207,validation,
HEaSC00524,-0.8079000115394592,validation,
TC2,1.3663307428359985,validation,
Ioxynil,6.122799873352051,validation,
SP5d,-1.6641207933425903,validation,
TN1,0.4028923809528351,validation,
HEaSC00036,2.207900047302246,validation,
HEaSC00154,0.08179999887943268,validation,
HEaSC00360,-1.004699945449829,validation,
HEaSC00433,-0.626800000667572,validation,
Carbetamide,5.0416998863220215,validation,
SP6d,-1.6816377639770508,validation,
C4,2.3472859859466553,validation,
HEaSC00447,0.8880000114440918,validation,
C5,1.9619107246398926,validation,
SP2d,-0.9459212422370911,validation,
HEaSC00147,-0.677299976348877,validation,
Aclonifen,9.517499923706055,validation,
Diethofencarb,6.0183000564575195,validation,
HEaSC00026,0.6894999742507935,validation,
HEaSC00097,1.2955000400543213,validation,
HEaSC00099,1.8701000213623047,validation,
HEaSC00082,2.4916999340057373,validation,
c16_t8_10_lp02_22_32_42_132_162_Sgn13_14_15ht_Poly,4.1869001388549805,validation,
c16_t8_10_lp122_152_Sgn12_13_14ht_Triton_X-100,7.230000019073486,validation,
TN3d,-0.24523884057998657,validation,
HEaSC00596,-0.22290000319480896,validation,
Dimethenamid_OA,7.040200233459473,validation,
HEaSC00262,0.8567000031471252,validation,
HEaSC00378,1.885699987411499,validation,
o-Cresol,4.5472002029418945,validation,
4-hydroxyacetophenone,5.099100112915039,validation,
HEaSC00536,-2.0789999961853027,validation,
HEaSC00313,1.2431999444961548,validation,
P1d,0.035034120082855225,validation,
4-hydroxyPhenol,3.3756000995635986,validation,
HEaSC00064,-1.2293000221252441,validation,
Simetryn,0.029600000008940697,validation,
HEaSC00527,1.1753000020980835,validation,
SP1,-0.9108871221542358,validation,
HEaSC00161,-1.7620999813079834,validation,
Diflubenzuron,10.462800025939941,validation,
Octyl_salicylate,7.555500030517578,validation,
HEaSC00061,0.978600025177002,validation,
HEaSC00446,0.8097000122070312,validation,
HEaSC00472,-1.1543999910354614,validation,
Pyrimethanil,9.01609992980957,validation,
HEaSC00253,-1.8351999521255493,validation,
HEaSC00505,-0.40400001406669617,validation,
HEaSC00263,0.8792999982833862,validation,
"3,4-dimethoxyPhenol",6.584099769592285,validation,
4-Hydroxybenzoic_acid,3.248500108718872,validation,
HEaSC00417,-1.284999966621399,validation,
P3,-0.8933700919151306,validation,
N6,-0.19268766045570374,validation,
SX1,1.6466037034988403,validation,
HEaSC00451,-0.557200014591217,validation,
HEaSC00228,-0.60589998960495,validation,
3_4-Dihydro-6-methyl-N-phenyl-2H-pyran-5-carboxami,5.6875,validation,
HEaSC00296,-0.19499999284744263,validation,
HEaSC00043,0.675599992275238,validation,
HEaSC00089,1.8788000345230103,validation,
SQ5,-3.1881051063537598,validation,
X1,2.504939556121826,validation,
HEaSC00418,0.771399974822998,validation,
HEaSC00575,0.40400001406669617,validation,
HEaSC00604,2.7964000701904297,validation,
Mepronil,10.913700103759766,validation,
Dimethenamide_ESA,5.798999786376953,validation,
HEaSC00359,-0.03830000013113022,validation,
HEaSC00331,-1.8631000518798828,validation,
Dicamba-dimethylammonium,5.349800109863281,validation,
HEaSC00187,-0.679099977016449,test,
3-Ethoxy-4-hydroxybenzaldehyde,6.175000190734863,test,
HEaSC00255,1.3686000108718872,test,
SN1,0.630614161491394,test,
SN3,-0.315307080745697,test,
HEaSC00338,-1.5896999835968018,test,
HEaSC00063,1.3476999998092651,test,
Ethiofencarb,4.531599998474121,test,
HEaSC00038,2.2913999557495117,test,
TN5,-0.8583359718322754,test,
TP2a,-1.1911600828170776,test,
HEaSC00364,-0.2612000107765198,test,
HEaSC00273,-0.2506999969482422,test,
Butylated_hydroxytoluene,8.67140007019043,test,
X3,2.4348714351654053,test,
Dimethenamid,8.307600021362305,test,
Dinobuton,6.235899925231934,test,
TQ3,-3.2756903171539307,test,
Monuron,3.6124000549316406,test,
HEaSC00404,0.18979999423027039,test,
Cycloate,5.412499904632568,test,
HEaSC00379,1.8248000144958496,test,
HEaSC00297,-0.10970000177621841,test,
Fipronil_Sulfide,9.64109992980957,test,
HEaSC00167,-2.387200117111206,test,
C2,2.592525005340576,test,
2_6-Di-tert-butyl-4-methoxyPhenol,9.815199851989746,test,
HEaSC00382,0.20720000565052032,test,
HEaSC00322,1.419100046157837,test,
HEaSC00484,-0.58160001039505,test,
N2d,1.3663307428359985,test,
4-phenylenediamine,1.7948999404907227,test,
HEaSC00374,4.074399948120117,test,
2-Phenoxyethanol,2.1570000648498535,test,
HEaSC00348,0.9732999801635742,test,
HEaSC00031,1.4991999864578247,test,
2_7_8_9-Tricyclazole,5.499499797821045,test,
3-methoxyPhenol,4.320899963378906,test,
HEaSC00288,1.048200011253357,test,
TN6d,-0.7181994915008545,test,
HEaSC00428,-0.6859999895095825,test,
HEaSC00390,-0.03480000048875809,test,
HEaSC00354,-1.1875,test,
HEaSC00120,-0.555400013923645,test,
PentachloroAniline,5.960899829864502,test,
2-methoxyAniline,5.010300159454346,test,
HEaSC00216,0.7487000226974487,test,
2-methoxy-5-nitroAniline,5.081699848175049,test,
2-methylPhenol,4.81879997253418,test,
N6a,0.17517060041427612,test,
HEaSC00258,1.0098999738693237,test,
HEaSC00439,-1.88919997215271,test,
HEaSC00112,0.04699999839067459,test,
HEaSC00406,1.2136000394821167,test,
SN6d,-0.4379265010356903,test,
Sodium_2-methoxy-5-nitroPhenolate,6.037499904632568,test,
HEaSC00081,1.1684000492095947,test,
HEaSC00037,2.2757999897003174,test,
Diflufenzopyr,10.777899742126465,test,
SN4,-0.1576535403728485,test,
SN1d,1.0510236024856567,test,
HEaSC00445,0.8618999719619751,test,
Chloramben,3.5201001167297363,test,
HEaSC00185,-0.9872999787330627,test,
HEaSC00249,-1.1613999605178833,test,
P2a,-0.33282414078712463,test,
Mandestrobin,13.283100128173828,test,
Propyl-3-tert-butylphenoxyacetate,8.47819995880127,test,
Esprocarb,10.191300392150879,test,
TN3a,-0.24523884057998657,test,
HEaSC00471,0.17059999704360962,test,
P1a,0.035034120082855225,test,
Carbofuran,4.277400016784668,test,
SX2,1.261228322982788,test,
